0,Julfikar,julfika@gmail.com,0175555555,"hello, im julfikar"
1,Dinar,julfikar@rocketmail.com,0157456475,"hellooooooooooooooo brother"
2,Dinar,julfikar@rocketmail.com,0157456475,"hellooooooooooooooo brother"
3,"Gintama ",julfikar@rocketmail.com,01942747747,life
4,Prince,prince@gmail.com,014568555,water
5,Khan,khan@gmail.com,01715144247,fire
6,adnan,dshdj@gmail.com,0175555555,"Neque porro quisquam est qui dolorem ipsum quia dolor sit amet, consectetur, adipisci velit..."
7,Adobe,julfhgghh56@gmail.com,456546841,thbrynnyyrneyrnyh
8,Dinar,bcgbcbfb@gmail.com,0175455555,fhfwbhgrhgughuuuuuuuuuuuuugh
9,"lction CC 2019 ",grtg4t4t4,4468687457,"4mz,346y5jy4nm4,y345675x7456"
10,"lction CC 2019 ",grtg4t4t4,4468687457,"4mz,346y5jy4nm4,y345675x7456"
11,saki,djeijie@kjgrjhjrg,0471267551,"k;jhrjprpiut pi tpio;fk;fkjgkjh;joufygoik;hjohh45tj4j5t6sh45jh4"
